product_id,product_name,category_id,supplier_id,cost_price,selling_price,reorder_level,status
PRD00001,Wireless Mouse A001,CAT001,SUP0071,9837.33,11343.71,48,Active
PRD00002,Mechanical Keyboard A002,CAT002,SUP0015,14088.84,16958.97,23,Active
PRD00003,LED Monitor A003,CAT003,SUP0092,4143.44,5767.39,53,Active
PRD00004,USB-C Hub A004,CAT004,SUP0065,10337.46,15414.86,72,Active
PRD00005,Laptop Stand A005,CAT005,SUP0012,13587.62,20224.38,91,Discontinued
PRD00006,Office Chair A006,CAT006,SUP0043,12453.87,14541.57,108,Active
PRD00007,A4 Paper A007,CAT007,SUP0095,9585.73,12028.0,66,Discontinued
PRD00008,Ball Pen Pack A008,CAT008,SUP0089,8448.73,10094.12,29,Active
PRD00009,WiFi Router A009,CAT009,SUP0019,12532.16,17332.03,65,Active
PRD00010,Laser Printer A010,CAT010,SUP0006,704.09,912.4,55,Active
PRD00011,External SSD A011,CAT001,SUP0046,10256.43,14531.04,109,Discontinued
PRD00012,Power Bank A012,CAT002,SUP0031,14609.65,21180.94,120,Active
PRD00013,Webcam A013,CAT003,SUP0053,14644.99,21591.24,13,Active
PRD00014,Desk Lamp A014,CAT004,SUP0053,11069.54,14200.83,112,Active
PRD00015,Filing Cabinet A015,CAT005,SUP0014,4060.74,5948.78,58,Active
PRD00016,Ethernet Cable A016,CAT006,SUP0059,12890.21,15970.63,54,Active
PRD00017,Ink Cartridge A017,CAT007,SUP0029,12322.4,18465.48,13,Active
PRD00018,Headset A018,CAT008,SUP0009,6025.11,7600.32,108,Active
PRD00019,HDMI Cable A019,CAT009,SUP0087,5319.1,7200.8,117,Active
PRD00020,Calculator A020,CAT010,SUP0034,14093.42,16857.66,32,Active
PRD00021,Wireless Mouse B021,CAT001,SUP0045,650.8,903.72,103,Active
PRD00022,Mechanical Keyboard B022,CAT002,SUP0015,6591.0,10174.49,59,Active
PRD00023,LED Monitor B023,CAT003,SUP0001,3880.46,5562.69,76,Active
PRD00024,USB-C Hub B024,CAT004,SUP0086,5514.18,6495.65,52,Active
PRD00025,Laptop Stand B025,CAT005,SUP0039,9977.74,11971.79,74,Active
PRD00026,Office Chair B026,CAT006,SUP0090,10030.04,12843.2,47,Active
PRD00027,A4 Paper B027,CAT007,SUP0049,2942.25,4166.14,96,Active
PRD00028,Ball Pen Pack B028,CAT008,SUP0071,9263.48,11768.14,116,Active
PRD00029,WiFi Router B029,CAT009,SUP0075,4613.81,5693.78,87,Active
PRD00030,Laser Printer B030,CAT010,SUP0028,7017.62,9311.43,75,Discontinued
PRD00031,External SSD B031,CAT001,SUP0095,11922.53,18288.36,31,Active
PRD00032,Power Bank B032,CAT002,SUP0080,4314.09,6106.77,52,Active
PRD00033,Webcam B033,CAT003,SUP0087,12290.88,17827.37,49,Active
PRD00034,Desk Lamp B034,CAT004,SUP0006,12113.92,14645.02,41,Discontinued
PRD00035,Filing Cabinet B035,CAT005,SUP0059,9200.21,13408.35,63,Active
PRD00036,Ethernet Cable B036,CAT006,SUP0052,10797.72,14075.81,41,Active
PRD00037,Ink Cartridge B037,CAT007,SUP0097,9868.39,11370.54,120,Active
PRD00038,Headset B038,CAT008,SUP0090,11694.03,14471.79,76,Discontinued
PRD00039,HDMI Cable B039,CAT009,SUP0016,829.26,1036.31,68,Active
PRD00040,Calculator B040,CAT010,SUP0072,12037.14,17057.0,86,Active
PRD00041,Wireless Mouse C041,CAT001,SUP0079,14254.59,21475.54,114,Discontinued
PRD00042,Mechanical Keyboard C042,CAT002,SUP0021,12472.09,17076.15,105,Discontinued
PRD00043,LED Monitor C043,CAT003,SUP0082,6795.04,9857.64,45,Discontinued
PRD00044,USB-C Hub C044,CAT004,SUP0010,9431.09,11881.65,101,Active
PRD00045,Laptop Stand C045,CAT005,SUP0070,3578.64,4596.19,20,Active
PRD00046,Office Chair C046,CAT006,SUP0020,2330.39,3037.0,100,Active
PRD00047,A4 Paper C047,CAT007,SUP0070,1038.29,1363.32,69,Discontinued
PRD00048,Ball Pen Pack C048,CAT008,SUP0050,1009.0,1496.5,108,Active
PRD00049,WiFi Router C049,CAT009,SUP0049,12862.44,18730.77,71,Active
PRD00050,Laser Printer C050,CAT010,SUP0050,14145.71,17957.2,119,Discontinued
PRD00051,External SSD C051,CAT001,SUP0078,8110.25,11710.01,38,Discontinued
PRD00052,Power Bank C052,CAT002,SUP0004,3353.77,4441.51,59,Active
PRD00053,Webcam C053,CAT003,SUP0093,10059.59,14780.12,31,Discontinued
PRD00054,Desk Lamp C054,CAT004,SUP0069,13799.56,21282.91,13,Discontinued
PRD00055,Filing Cabinet C055,CAT005,SUP0011,8911.04,12610.9,92,Discontinued
PRD00056,Ethernet Cable C056,CAT006,SUP0007,2104.64,2809.02,43,Discontinued
PRD00057,Ink Cartridge C057,CAT007,SUP0044,4964.1,6611.58,107,Discontinued
PRD00058,Headset C058,CAT008,SUP0054,4231.59,6476.37,42,Active
PRD00059,HDMI Cable C059,CAT009,SUP0007,7096.98,10287.85,54,Active
PRD00060,Calculator C060,CAT010,SUP0084,9780.15,14303.4,15,Active
PRD00061,Wireless Mouse D061,CAT001,SUP0003,14248.21,17521.65,89,Active
PRD00062,Mechanical Keyboard D062,CAT002,SUP0015,3639.09,4874.29,82,Active
PRD00063,LED Monitor D063,CAT003,SUP0048,7018.31,8790.42,31,Active
PRD00064,USB-C Hub D064,CAT004,SUP0040,11684.65,14202.77,23,Active
PRD00065,Laptop Stand D065,CAT005,SUP0049,13939.0,19240.26,60,Active
PRD00066,Office Chair D066,CAT006,SUP0081,1213.87,1731.28,41,Active
PRD00067,A4 Paper D067,CAT007,SUP0088,10482.12,13318.93,86,Active
PRD00068,Ball Pen Pack D068,CAT008,SUP0006,11959.71,16461.02,54,Discontinued
PRD00069,WiFi Router D069,CAT009,SUP0083,9949.9,11716.83,53,Active
PRD00070,Laser Printer D070,CAT010,SUP0014,12755.67,18864.77,65,Active
PRD00071,External SSD D071,CAT001,SUP0091,9562.93,14167.32,29,Discontinued
PRD00072,Power Bank D072,CAT002,SUP0084,2707.96,3679.3,44,Discontinued
PRD00073,Webcam D073,CAT003,SUP0076,7015.92,10385.62,44,Active
PRD00074,Desk Lamp D074,CAT004,SUP0012,12787.56,18954.9,45,Discontinued
PRD00075,Filing Cabinet D075,CAT005,SUP0079,3718.44,4967.4,95,Discontinued
PRD00076,Ethernet Cable D076,CAT006,SUP0042,5099.04,6872.09,33,Discontinued
PRD00077,Ink Cartridge D077,CAT007,SUP0044,3244.83,4767.09,45,Active
PRD00078,Headset D078,CAT008,SUP0025,8372.4,11358.42,20,Active
PRD00079,HDMI Cable D079,CAT009,SUP0098,10823.51,14562.29,40,Discontinued
PRD00080,Calculator D080,CAT010,SUP0003,9716.87,13082.1,21,Active
PRD00081,Wireless Mouse E081,CAT001,SUP0040,3386.22,4831.17,94,Active
PRD00082,Mechanical Keyboard E082,CAT002,SUP0055,7141.05,9728.74,105,Active
PRD00083,LED Monitor E083,CAT003,SUP0040,5329.01,7095.57,42,Active
PRD00084,USB-C Hub E084,CAT004,SUP0016,1880.19,2307.06,105,Active
PRD00085,Laptop Stand E085,CAT005,SUP0036,2937.79,4246.4,102,Active
PRD00086,Office Chair E086,CAT006,SUP0038,14709.22,21814.53,39,Active
PRD00087,A4 Paper E087,CAT007,SUP0069,2757.27,3186.46,26,Active
PRD00088,Ball Pen Pack E088,CAT008,SUP0038,759.09,889.51,99,Active
PRD00089,WiFi Router E089,CAT009,SUP0014,9597.02,13926.4,11,Active
PRD00090,Laser Printer E090,CAT010,SUP0024,7083.4,9393.92,16,Active
PRD00091,External SSD E091,CAT001,SUP0009,14120.67,18937.11,61,Discontinued
PRD00092,Power Bank E092,CAT002,SUP0007,1185.31,1661.54,29,Active
PRD00093,Webcam E093,CAT003,SUP0011,12182.24,18634.57,41,Active
PRD00094,Desk Lamp E094,CAT004,SUP0077,8406.45,11066.84,111,Active
PRD00095,Filing Cabinet E095,CAT005,SUP0057,11653.35,15174.42,48,Discontinued
PRD00096,Ethernet Cable E096,CAT006,SUP0079,4636.27,6483.41,104,Active
PRD00097,Ink Cartridge E097,CAT007,SUP0028,14218.05,17532.49,43,Active
PRD00098,Headset E098,CAT008,SUP0010,2423.29,2955.26,30,Active
PRD00099,HDMI Cable E099,CAT009,SUP0061,6175.08,8804.11,47,Active
PRD00100,Calculator E100,CAT010,SUP0090,3533.63,5062.92,120,Discontinued
PRD00101,Wireless Mouse F101,CAT001,SUP0034,1142.0,1419.93,110,Active
PRD00102,Mechanical Keyboard F102,CAT002,SUP0083,6423.07,8785.64,29,Active
PRD00103,LED Monitor F103,CAT003,SUP0022,12413.34,14629.91,111,Active
PRD00104,USB-C Hub F104,CAT004,SUP0037,8958.06,13255.21,66,Active
PRD00105,Laptop Stand F105,CAT005,SUP0052,7072.97,8994.25,44,Discontinued
PRD00106,Office Chair F106,CAT006,SUP0056,6611.36,9184.6,104,Active
PRD00107,A4 Paper F107,CAT007,SUP0030,9087.41,10544.54,96,Active
PRD00108,Ball Pen Pack F108,CAT008,SUP0035,14993.62,21274.64,83,Active
PRD00109,WiFi Router F109,CAT009,SUP0067,11465.59,13988.89,93,Discontinued
PRD00110,Laser Printer F110,CAT010,SUP0075,13747.81,16808.01,65,Discontinued
PRD00111,External SSD F111,CAT001,SUP0053,14538.3,19452.31,52,Active
PRD00112,Power Bank F112,CAT002,SUP0043,10078.39,15047.98,62,Discontinued
PRD00113,Webcam F113,CAT003,SUP0098,4380.21,6693.3,80,Active
PRD00114,Desk Lamp F114,CAT004,SUP0042,6866.0,8759.69,24,Discontinued
PRD00115,Filing Cabinet F115,CAT005,SUP0001,12984.47,19216.64,94,Discontinued
PRD00116,Ethernet Cable F116,CAT006,SUP0047,6245.65,7651.13,89,Discontinued
PRD00117,Ink Cartridge F117,CAT007,SUP0027,9411.1,13683.7,44,Active
PRD00118,Headset F118,CAT008,SUP0090,13920.88,18448.6,72,Active
PRD00119,HDMI Cable F119,CAT009,SUP0031,510.73,716.05,100,Active
PRD00120,Calculator F120,CAT010,SUP0053,4716.39,5449.65,21,Active
PRD00121,Wireless Mouse G121,CAT001,SUP0060,14884.48,22552.55,25,Active
PRD00122,Mechanical Keyboard G122,CAT002,SUP0066,7515.76,10797.45,100,Active
PRD00123,LED Monitor G123,CAT003,SUP0061,6279.12,8432.86,41,Discontinued
PRD00124,USB-C Hub G124,CAT004,SUP0077,8304.87,10824.85,75,Active
PRD00125,Laptop Stand G125,CAT005,SUP0054,12971.28,16350.28,53,Active
PRD00126,Office Chair G126,CAT006,SUP0039,12322.6,15565.11,117,Discontinued
PRD00127,A4 Paper G127,CAT007,SUP0062,12989.69,17258.35,54,Active
PRD00128,Ball Pen Pack G128,CAT008,SUP0059,8314.61,11369.17,51,Active
PRD00129,WiFi Router G129,CAT009,SUP0050,14713.16,18325.57,39,Discontinued
PRD00130,Laser Printer G130,CAT010,SUP0091,731.22,1058.72,113,Discontinued
PRD00131,External SSD G131,CAT001,SUP0084,5840.29,8266.79,29,Discontinued
PRD00132,Power Bank G132,CAT002,SUP0076,14475.18,17377.43,52,Active
PRD00133,Webcam G133,CAT003,SUP0068,13122.92,17402.6,68,Active
PRD00134,Desk Lamp G134,CAT004,SUP0084,10858.86,14268.45,29,Active
PRD00135,Filing Cabinet G135,CAT005,SUP0044,7084.8,10894.17,89,Discontinued
PRD00136,Ethernet Cable G136,CAT006,SUP0087,9775.56,14572.49,119,Discontinued
PRD00137,Ink Cartridge G137,CAT007,SUP0098,14315.76,20052.37,72,Active
PRD00138,Headset G138,CAT008,SUP0088,9292.5,11559.02,46,Active
PRD00139,HDMI Cable G139,CAT009,SUP0013,11221.75,14852.98,107,Active
PRD00140,Calculator G140,CAT010,SUP0004,6699.68,9564.47,15,Active
PRD00141,Wireless Mouse H141,CAT001,SUP0048,11958.46,15155.52,65,Active
PRD00142,Mechanical Keyboard H142,CAT002,SUP0088,3723.43,4895.64,111,Active
PRD00143,LED Monitor H143,CAT003,SUP0049,2616.16,3091.22,89,Active
PRD00144,USB-C Hub H144,CAT004,SUP0030,7505.2,10381.66,69,Active
PRD00145,Laptop Stand H145,CAT005,SUP0060,6936.79,9827.6,46,Active
PRD00146,Office Chair H146,CAT006,SUP0076,1182.02,1806.24,48,Discontinued
PRD00147,A4 Paper H147,CAT007,SUP0039,10379.48,13833.09,35,Discontinued
PRD00148,Ball Pen Pack H148,CAT008,SUP0049,12811.77,15280.1,83,Active
PRD00149,WiFi Router H149,CAT009,SUP0038,8656.19,13391.79,12,Discontinued
PRD00150,Laser Printer H150,CAT010,SUP0088,4175.25,5746.7,109,Active
PRD00151,External SSD H151,CAT001,SUP0037,13666.4,19789.89,109,Active
PRD00152,Power Bank H152,CAT002,SUP0082,9137.41,11795.74,34,Active
PRD00153,Webcam H153,CAT003,SUP0085,10192.25,14660.24,97,Active
PRD00154,Desk Lamp H154,CAT004,SUP0083,9453.46,14287.6,15,Active
PRD00155,Filing Cabinet H155,CAT005,SUP0047,11846.07,13781.08,103,Active
PRD00156,Ethernet Cable H156,CAT006,SUP0096,1424.79,1806.7,63,Active
PRD00157,Ink Cartridge H157,CAT007,SUP0047,3075.86,4504.92,77,Active
PRD00158,Headset H158,CAT008,SUP0062,12470.65,15623.08,113,Active
PRD00159,HDMI Cable H159,CAT009,SUP0015,11218.67,14421.44,69,Active
PRD00160,Calculator H160,CAT010,SUP0087,2180.09,3349.93,102,Discontinued
PRD00161,Wireless Mouse I161,CAT001,SUP0047,14511.66,21358.77,21,Discontinued
PRD00162,Mechanical Keyboard I162,CAT002,SUP0059,287.67,392.56,57,Active
PRD00163,LED Monitor I163,CAT003,SUP0048,8801.64,13017.33,23,Active
PRD00164,USB-C Hub I164,CAT004,SUP0072,7114.43,9944.68,51,Active
PRD00165,Laptop Stand I165,CAT005,SUP0060,9742.97,13680.7,99,Active
PRD00166,Office Chair I166,CAT006,SUP0006,9766.65,11687.46,14,Active
PRD00167,A4 Paper I167,CAT007,SUP0031,14939.24,17874.03,78,Active
PRD00168,Ball Pen Pack I168,CAT008,SUP0096,5878.6,7632.8,99,Discontinued
PRD00169,WiFi Router I169,CAT009,SUP0054,8843.12,12739.75,93,Active
PRD00170,Laser Printer I170,CAT010,SUP0036,12518.7,17479.37,14,Active
PRD00171,External SSD I171,CAT001,SUP0031,3321.66,4410.76,119,Active
PRD00172,Power Bank I172,CAT002,SUP0070,1562.37,2225.24,92,Active
PRD00173,Webcam I173,CAT003,SUP0016,983.41,1239.44,118,Discontinued
PRD00174,Desk Lamp I174,CAT004,SUP0082,1447.77,1787.77,86,Active
PRD00175,Filing Cabinet I175,CAT005,SUP0017,834.63,1071.17,110,Active
PRD00176,Ethernet Cable I176,CAT006,SUP0027,1103.66,1607.0,85,Active
PRD00177,Ink Cartridge I177,CAT007,SUP0100,12210.75,15180.4,28,Active
PRD00178,Headset I178,CAT008,SUP0017,4216.94,6509.32,79,Active
PRD00179,HDMI Cable I179,CAT009,SUP0004,11993.83,14320.28,26,Active
PRD00180,Calculator I180,CAT010,SUP0076,5424.97,7949.6,51,Active
PRD00181,Wireless Mouse J181,CAT001,SUP0095,2679.75,3137.88,63,Active
PRD00182,Mechanical Keyboard J182,CAT002,SUP0100,11205.33,15020.73,56,Active
PRD00183,LED Monitor J183,CAT003,SUP0079,6823.92,8452.24,15,Active
PRD00184,USB-C Hub J184,CAT004,SUP0008,6913.99,10617.2,71,Discontinued
PRD00185,Laptop Stand J185,CAT005,SUP0092,6440.0,7684.11,66,Active
PRD00186,Office Chair J186,CAT006,SUP0019,13497.06,17260.64,18,Active
PRD00187,A4 Paper J187,CAT007,SUP0071,4183.24,5870.05,101,Active
PRD00188,Ball Pen Pack J188,CAT008,SUP0038,5763.09,8004.68,68,Discontinued
PRD00189,WiFi Router J189,CAT009,SUP0084,1559.74,2231.54,93,Active
PRD00190,Laser Printer J190,CAT010,SUP0053,6496.64,9778.98,53,Discontinued
PRD00191,External SSD J191,CAT001,SUP0041,6029.05,8692.96,64,Active
PRD00192,Power Bank J192,CAT002,SUP0020,10003.41,13001.64,97,Discontinued
PRD00193,Webcam J193,CAT003,SUP0012,1081.63,1603.74,65,Active
PRD00194,Desk Lamp J194,CAT004,SUP0017,11189.27,14535.52,81,Active
PRD00195,Filing Cabinet J195,CAT005,SUP0043,8830.06,12138.11,95,Active
PRD00196,Ethernet Cable J196,CAT006,SUP0097,6209.26,9310.43,64,Active
PRD00197,Ink Cartridge J197,CAT007,SUP0046,14528.51,20197.01,23,Active
PRD00198,Headset J198,CAT008,SUP0014,2388.57,3207.55,54,Active
PRD00199,HDMI Cable J199,CAT009,SUP0029,1794.09,2263.11,113,Discontinued
PRD00200,Calculator J200,CAT010,SUP0080,12689.72,19539.87,88,Active
PRD00201,Wireless Mouse K201,CAT001,SUP0089,9166.2,12953.06,44,Active
PRD00202,Mechanical Keyboard K202,CAT002,SUP0040,2771.81,3966.68,53,Active
PRD00203,LED Monitor K203,CAT003,SUP0073,171.1,256.3,94,Discontinued
PRD00204,USB-C Hub K204,CAT004,SUP0004,1118.21,1617.37,21,Active
PRD00205,Laptop Stand K205,CAT005,SUP0021,5692.82,7579.75,57,Active
PRD00206,Office Chair K206,CAT006,SUP0073,10846.21,15843.43,86,Active
PRD00207,A4 Paper K207,CAT007,SUP0097,13259.47,16073.55,89,Active
PRD00208,Ball Pen Pack K208,CAT008,SUP0085,10135.61,12759.12,64,Discontinued
PRD00209,WiFi Router K209,CAT009,SUP0028,9137.57,12022.06,106,Active
PRD00210,Laser Printer K210,CAT010,SUP0087,5229.98,6246.46,96,Discontinued
PRD00211,External SSD K211,CAT001,SUP0029,7941.86,10112.91,60,Active
PRD00212,Power Bank K212,CAT002,SUP0028,194.69,247.37,108,Active
PRD00213,Webcam K213,CAT003,SUP0016,11481.28,14532.76,10,Discontinued
PRD00214,Desk Lamp K214,CAT004,SUP0049,11225.45,13698.17,78,Active
PRD00215,Filing Cabinet K215,CAT005,SUP0046,7543.91,11190.2,19,Discontinued
PRD00216,Ethernet Cable K216,CAT006,SUP0003,12937.52,15097.06,68,Active
PRD00217,Ink Cartridge K217,CAT007,SUP0074,12942.68,17864.83,61,Discontinued
PRD00218,Headset K218,CAT008,SUP0042,4399.57,5772.29,31,Discontinued
PRD00219,HDMI Cable K219,CAT009,SUP0012,12493.83,18964.48,65,Active
PRD00220,Calculator K220,CAT010,SUP0068,3710.28,5140.77,20,Discontinued
PRD00221,Wireless Mouse L221,CAT001,SUP0029,13068.22,18926.99,52,Active
PRD00222,Mechanical Keyboard L222,CAT002,SUP0068,1219.58,1711.42,75,Active
PRD00223,LED Monitor L223,CAT003,SUP0094,13596.37,17535.92,114,Active
PRD00224,USB-C Hub L224,CAT004,SUP0026,3605.13,4357.08,32,Active
PRD00225,Laptop Stand L225,CAT005,SUP0023,11422.41,16130.77,108,Discontinued
PRD00226,Office Chair L226,CAT006,SUP0075,7002.18,9631.46,67,Active
PRD00227,A4 Paper L227,CAT007,SUP0020,12974.56,18175.89,66,Active
PRD00228,Ball Pen Pack L228,CAT008,SUP0036,7076.3,9924.89,85,Active
PRD00229,WiFi Router L229,CAT009,SUP0060,5330.98,6288.83,67,Active
PRD00230,Laser Printer L230,CAT010,SUP0010,928.8,1377.11,92,Active
PRD00231,External SSD L231,CAT001,SUP0060,9255.93,12521.67,84,Active
PRD00232,Power Bank L232,CAT002,SUP0084,6790.03,10008.0,34,Active
PRD00233,Webcam L233,CAT003,SUP0008,9106.69,12299.01,67,Active
PRD00234,Desk Lamp L234,CAT004,SUP0092,12179.62,18086.14,20,Active
PRD00235,Filing Cabinet L235,CAT005,SUP0057,664.0,951.54,77,Active
PRD00236,Ethernet Cable L236,CAT006,SUP0050,5509.36,8358.66,62,Active
PRD00237,Ink Cartridge L237,CAT007,SUP0081,10209.15,11954.37,92,Active
PRD00238,Headset L238,CAT008,SUP0087,1063.4,1263.11,59,Active
PRD00239,HDMI Cable L239,CAT009,SUP0078,3839.78,5723.68,29,Active
PRD00240,Calculator L240,CAT010,SUP0045,1296.01,1834.43,49,Discontinued
PRD00241,Wireless Mouse M241,CAT001,SUP0011,2003.96,2872.74,49,Discontinued
PRD00242,Mechanical Keyboard M242,CAT002,SUP0017,9680.92,12405.04,95,Active
PRD00243,LED Monitor M243,CAT003,SUP0047,9718.69,12822.48,12,Active
PRD00244,USB-C Hub M244,CAT004,SUP0044,4688.28,7175.26,108,Discontinued
PRD00245,Laptop Stand M245,CAT005,SUP0020,2944.72,4564.29,19,Active
PRD00246,Office Chair M246,CAT006,SUP0099,12678.87,15093.64,79,Active
PRD00247,A4 Paper M247,CAT007,SUP0080,9955.98,14939.52,26,Discontinued
PRD00248,Ball Pen Pack M248,CAT008,SUP0089,2381.45,2910.94,108,Active
PRD00249,WiFi Router M249,CAT009,SUP0047,10840.05,12655.51,96,Active
PRD00250,Laser Printer M250,CAT010,SUP0097,14546.26,20280.95,105,Discontinued
PRD00251,External SSD M251,CAT001,SUP0061,3571.32,4448.68,116,Active
PRD00252,Power Bank M252,CAT002,SUP0057,5568.19,8512.94,69,Active
PRD00253,Webcam M253,CAT003,SUP0054,11689.61,15794.56,30,Active
PRD00254,Desk Lamp M254,CAT004,SUP0033,12034.79,14506.25,16,Discontinued
PRD00255,Filing Cabinet M255,CAT005,SUP0014,13121.82,18000.73,101,Active
PRD00256,Ethernet Cable M256,CAT006,SUP0035,4333.14,6305.79,67,Active
PRD00257,Ink Cartridge M257,CAT007,SUP0029,12479.22,14808.91,114,Discontinued
PRD00258,Headset M258,CAT008,SUP0054,13278.68,20212.66,16,Discontinued
PRD00259,HDMI Cable M259,CAT009,SUP0011,7569.95,9419.37,57,Active
PRD00260,Calculator M260,CAT010,SUP0092,500.56,762.02,93,Active
PRD00261,Wireless Mouse N261,CAT001,SUP0037,11887.4,14324.79,116,Discontinued
PRD00262,Mechanical Keyboard N262,CAT002,SUP0091,10465.39,12616.21,70,Discontinued
PRD00263,LED Monitor N263,CAT003,SUP0003,9261.0,14005.81,42,Active
PRD00264,USB-C Hub N264,CAT004,SUP0094,12537.65,17170.58,87,Discontinued
PRD00265,Laptop Stand N265,CAT005,SUP0039,1738.91,2200.14,25,Active
PRD00266,Office Chair N266,CAT006,SUP0080,3637.52,5112.83,68,Active
PRD00267,A4 Paper N267,CAT007,SUP0077,1734.0,2621.91,78,Active
PRD00268,Ball Pen Pack N268,CAT008,SUP0092,9508.77,13122.28,28,Active
PRD00269,WiFi Router N269,CAT009,SUP0031,6484.24,9051.51,83,Discontinued
PRD00270,Laser Printer N270,CAT010,SUP0068,2874.72,4074.3,56,Active
PRD00271,External SSD N271,CAT001,SUP0065,14304.78,19563.69,80,Active
PRD00272,Power Bank N272,CAT002,SUP0082,5905.57,7901.97,59,Active
PRD00273,Webcam N273,CAT003,SUP0009,3864.46,4469.24,54,Active
PRD00274,Desk Lamp N274,CAT004,SUP0099,11015.48,15436.02,84,Active
PRD00275,Filing Cabinet N275,CAT005,SUP0044,2070.47,2672.81,114,Active
PRD00276,Ethernet Cable N276,CAT006,SUP0090,12469.32,17754.73,71,Active
PRD00277,Ink Cartridge N277,CAT007,SUP0100,12187.55,14323.3,68,Active
PRD00278,Headset N278,CAT008,SUP0026,4458.16,5205.0,15,Active
PRD00279,HDMI Cable N279,CAT009,SUP0070,14005.9,18994.15,70,Active
PRD00280,Calculator N280,CAT010,SUP0037,626.38,882.42,55,Active
PRD00281,Wireless Mouse O281,CAT001,SUP0016,12997.71,16673.07,112,Active
PRD00282,Mechanical Keyboard O282,CAT002,SUP0057,6599.31,8645.15,59,Active
PRD00283,LED Monitor O283,CAT003,SUP0064,14607.96,19698.56,57,Active
PRD00284,USB-C Hub O284,CAT004,SUP0011,12033.13,17337.73,65,Active
PRD00285,Laptop Stand O285,CAT005,SUP0011,8218.48,10507.2,51,Active
PRD00286,Office Chair O286,CAT006,SUP0055,4652.92,6472.44,31,Discontinued
PRD00287,A4 Paper O287,CAT007,SUP0046,5325.08,6214.06,88,Discontinued
PRD00288,Ball Pen Pack O288,CAT008,SUP0008,4176.37,6440.01,19,Discontinued
PRD00289,WiFi Router O289,CAT009,SUP0087,5500.6,8088.29,30,Active
PRD00290,Laser Printer O290,CAT010,SUP0057,2210.27,3078.97,14,Active
PRD00291,External SSD O291,CAT001,SUP0047,1083.12,1582.88,56,Discontinued
PRD00292,Power Bank O292,CAT002,SUP0020,14246.05,16567.5,96,Discontinued
PRD00293,Webcam O293,CAT003,SUP0098,14236.45,18490.38,19,Active
PRD00294,Desk Lamp O294,CAT004,SUP0084,7979.54,10446.92,45,Active
PRD00295,Filing Cabinet O295,CAT005,SUP0024,14410.96,16721.98,73,Discontinued
PRD00296,Ethernet Cable O296,CAT006,SUP0100,13710.05,16412.36,43,Discontinued
PRD00297,Ink Cartridge O297,CAT007,SUP0089,3281.39,4576.72,72,Active
PRD00298,Headset O298,CAT008,SUP0058,1909.75,2847.69,32,Discontinued
PRD00299,HDMI Cable O299,CAT009,SUP0041,14959.16,22052.87,95,Active
PRD00300,Calculator O300,CAT010,SUP0038,10666.34,14612.87,48,Active
PRD00301,Wireless Mouse P301,CAT001,SUP0082,10700.19,16274.24,32,Active
PRD00302,Mechanical Keyboard P302,CAT002,SUP0026,7670.64,9193.61,111,Active
PRD00303,LED Monitor P303,CAT003,SUP0047,3612.1,4867.7,80,Active
PRD00304,USB-C Hub P304,CAT004,SUP0017,7053.7,10885.3,88,Active
PRD00305,Laptop Stand P305,CAT005,SUP0092,1060.96,1389.08,102,Discontinued
PRD00306,Office Chair P306,CAT006,SUP0074,7923.38,11549.64,19,Active
PRD00307,A4 Paper P307,CAT007,SUP0058,14587.91,20524.25,69,Active
PRD00308,Ball Pen Pack P308,CAT008,SUP0071,1994.75,2955.46,91,Active
PRD00309,WiFi Router P309,CAT009,SUP0065,11535.3,13860.97,17,Active
PRD00310,Laser Printer P310,CAT010,SUP0021,7810.08,9931.69,51,Active
PRD00311,External SSD P311,CAT001,SUP0037,5242.66,8002.2,118,Active
PRD00312,Power Bank P312,CAT002,SUP0071,3819.03,5362.01,45,Active
PRD00313,Webcam P313,CAT003,SUP0012,9405.33,13127.69,74,Active
PRD00314,Desk Lamp P314,CAT004,SUP0022,8909.78,12315.62,94,Active
PRD00315,Filing Cabinet P315,CAT005,SUP0004,12650.55,17400.16,20,Active
PRD00316,Ethernet Cable P316,CAT006,SUP0034,14232.32,20756.54,93,Active
PRD00317,Ink Cartridge P317,CAT007,SUP0082,11523.03,15171.62,13,Discontinued
PRD00318,Headset P318,CAT008,SUP0083,13343.83,18257.44,48,Discontinued
PRD00319,HDMI Cable P319,CAT009,SUP0052,3733.58,5499.34,48,Discontinued
PRD00320,Calculator P320,CAT010,SUP0057,1168.76,1372.08,63,Discontinued
PRD00321,Wireless Mouse Q321,CAT001,SUP0019,7009.48,9014.73,50,Active
PRD00322,Mechanical Keyboard Q322,CAT002,SUP0052,11034.26,16488.62,26,Active
PRD00323,LED Monitor Q323,CAT003,SUP0031,7763.5,9257.77,69,Active
PRD00324,USB-C Hub Q324,CAT004,SUP0013,4070.68,5084.96,16,Active
PRD00325,Laptop Stand Q325,CAT005,SUP0054,14185.14,21216.23,41,Active
PRD00326,Office Chair Q326,CAT006,SUP0093,12217.09,18612.74,50,Active
PRD00327,A4 Paper Q327,CAT007,SUP0066,11465.77,15470.83,69,Discontinued
PRD00328,Ball Pen Pack Q328,CAT008,SUP0012,13195.81,17800.46,60,Discontinued
PRD00329,WiFi Router Q329,CAT009,SUP0046,14502.96,17926.5,16,Active
PRD00330,Laser Printer Q330,CAT010,SUP0084,4277.84,5941.95,96,Discontinued
PRD00331,External SSD Q331,CAT001,SUP0014,4343.37,5009.08,65,Active
PRD00332,Power Bank Q332,CAT002,SUP0098,13246.24,19087.87,61,Active
PRD00333,Webcam Q333,CAT003,SUP0072,755.02,883.72,34,Active
PRD00334,Desk Lamp Q334,CAT004,SUP0065,8334.09,9829.33,67,Active
PRD00335,Filing Cabinet Q335,CAT005,SUP0079,12393.64,17342.38,25,Active
PRD00336,Ethernet Cable Q336,CAT006,SUP0044,14628.24,19127.32,81,Active
PRD00337,Ink Cartridge Q337,CAT007,SUP0066,11344.08,13948.94,61,Active
PRD00338,Headset Q338,CAT008,SUP0043,755.93,910.76,112,Discontinued
PRD00339,HDMI Cable Q339,CAT009,SUP0066,7828.44,9469.1,27,Active
PRD00340,Calculator Q340,CAT010,SUP0051,13976.02,17853.14,88,Active
PRD00341,Wireless Mouse R341,CAT001,SUP0066,8938.37,12092.95,78,Discontinued
PRD00342,Mechanical Keyboard R342,CAT002,SUP0003,10654.4,13530.2,57,Active
PRD00343,LED Monitor R343,CAT003,SUP0075,10133.19,15624.97,49,Active
PRD00344,USB-C Hub R344,CAT004,SUP0084,8985.89,11288.18,110,Active
PRD00345,Laptop Stand R345,CAT005,SUP0022,10843.29,15000.71,77,Discontinued
PRD00346,Office Chair R346,CAT006,SUP0005,2284.81,3249.66,83,Active
PRD00347,A4 Paper R347,CAT007,SUP0054,2926.5,3881.75,29,Discontinued
PRD00348,Ball Pen Pack R348,CAT008,SUP0100,10382.26,13643.86,88,Discontinued
PRD00349,WiFi Router R349,CAT009,SUP0008,13102.44,18924.31,100,Active
PRD00350,Laser Printer R350,CAT010,SUP0085,7818.75,10745.74,71,Discontinued
PRD00351,External SSD R351,CAT001,SUP0069,4761.19,5805.19,53,Active
PRD00352,Power Bank R352,CAT002,SUP0088,10163.96,15216.08,92,Active
PRD00353,Webcam R353,CAT003,SUP0032,9182.34,11265.86,45,Active
PRD00354,Desk Lamp R354,CAT004,SUP0039,3435.02,5287.06,108,Active
PRD00355,Filing Cabinet R355,CAT005,SUP0063,10597.12,15112.51,50,Discontinued
PRD00356,Ethernet Cable R356,CAT006,SUP0093,5284.14,8050.28,45,Active
PRD00357,Ink Cartridge R357,CAT007,SUP0049,1898.36,2696.9,60,Active
PRD00358,Headset R358,CAT008,SUP0038,14322.76,21080.9,15,Active
PRD00359,HDMI Cable R359,CAT009,SUP0057,14333.28,16936.37,93,Active
PRD00360,Calculator R360,CAT010,SUP0069,11230.29,13876.09,44,Active
PRD00361,Wireless Mouse S361,CAT001,SUP0076,2128.11,2971.42,40,Active
PRD00362,Mechanical Keyboard S362,CAT002,SUP0029,837.42,1266.24,91,Active
PRD00363,LED Monitor S363,CAT003,SUP0092,863.17,1135.35,70,Active
PRD00364,USB-C Hub S364,CAT004,SUP0071,10243.38,12343.14,30,Discontinued
PRD00365,Laptop Stand S365,CAT005,SUP0061,9821.16,14753.93,71,Active
PRD00366,Office Chair S366,CAT006,SUP0037,11358.19,14366.95,92,Active
PRD00367,A4 Paper S367,CAT007,SUP0074,13626.42,16157.99,39,Active
PRD00368,Ball Pen Pack S368,CAT008,SUP0023,13705.39,16720.93,14,Discontinued
PRD00369,WiFi Router S369,CAT009,SUP0096,11836.37,14493.93,47,Active
PRD00370,Laser Printer S370,CAT010,SUP0014,218.27,300.6,52,Active
PRD00371,External SSD S371,CAT001,SUP0068,6858.89,9647.2,73,Active
PRD00372,Power Bank S372,CAT002,SUP0025,12777.81,17086.59,113,Active
PRD00373,Webcam S373,CAT003,SUP0083,5013.81,7232.16,42,Active
PRD00374,Desk Lamp S374,CAT004,SUP0038,290.14,372.78,82,Active
PRD00375,Filing Cabinet S375,CAT005,SUP0052,2698.38,4027.22,115,Discontinued
PRD00376,Ethernet Cable S376,CAT006,SUP0086,7767.99,9202.7,22,Active
PRD00377,Ink Cartridge S377,CAT007,SUP0032,14726.74,19748.29,10,Active
PRD00378,Headset S378,CAT008,SUP0035,5802.93,7710.32,52,Active
PRD00379,HDMI Cable S379,CAT009,SUP0034,8770.31,12095.58,93,Active
PRD00380,Calculator S380,CAT010,SUP0016,10416.11,12237.36,69,Active
PRD00381,Wireless Mouse T381,CAT001,SUP0091,2462.98,3508.34,108,Active
PRD00382,Mechanical Keyboard T382,CAT002,SUP0038,10379.13,14587.71,57,Active
PRD00383,LED Monitor T383,CAT003,SUP0020,3349.4,4030.76,68,Active
PRD00384,USB-C Hub T384,CAT004,SUP0061,6284.42,8607.73,106,Active
PRD00385,Laptop Stand T385,CAT005,SUP0077,11446.95,16279.13,110,Active
PRD00386,Office Chair T386,CAT006,SUP0047,7920.56,10782.01,19,Active
PRD00387,A4 Paper T387,CAT007,SUP0065,1001.43,1371.02,35,Active
PRD00388,Ball Pen Pack T388,CAT008,SUP0057,2534.89,3781.53,24,Active
PRD00389,WiFi Router T389,CAT009,SUP0066,10776.42,14500.01,67,Active
PRD00390,Laser Printer T390,CAT010,SUP0059,6845.21,9277.31,82,Active
PRD00391,External SSD T391,CAT001,SUP0040,8417.25,11944.98,102,Active
PRD00392,Power Bank T392,CAT002,SUP0096,5987.55,8841.1,37,Active
PRD00393,Webcam T393,CAT003,SUP0009,755.72,973.22,79,Active
PRD00394,Desk Lamp T394,CAT004,SUP0061,14023.98,16514.75,14,Active
PRD00395,Filing Cabinet T395,CAT005,SUP0099,6180.29,9008.32,92,Discontinued
PRD00396,Ethernet Cable T396,CAT006,SUP0058,5666.96,8537.46,58,Discontinued
PRD00397,Ink Cartridge T397,CAT007,SUP0070,1277.33,1961.54,27,Active
PRD00398,Headset T398,CAT008,SUP0051,1850.01,2862.22,77,Active
PRD00399,HDMI Cable T399,CAT009,SUP0001,10939.64,13555.05,106,Active
PRD00400,Calculator T400,CAT010,SUP0093,14679.08,19599.53,79,Discontinued
PRD00401,Wireless Mouse U401,CAT001,SUP0032,8016.45,11859.09,68,Active
PRD00402,Mechanical Keyboard U402,CAT002,SUP0093,2394.41,2934.09,107,Active
PRD00403,LED Monitor U403,CAT003,SUP0079,560.68,792.85,108,Active
PRD00404,USB-C Hub U404,CAT004,SUP0077,3670.74,4320.15,14,Discontinued
PRD00405,Laptop Stand U405,CAT005,SUP0007,8998.95,12880.33,41,Active
PRD00406,Office Chair U406,CAT006,SUP0028,6081.8,7564.15,106,Active
PRD00407,A4 Paper U407,CAT007,SUP0030,2170.82,3359.11,114,Active
PRD00408,Ball Pen Pack U408,CAT008,SUP0042,8695.92,12687.48,40,Active
PRD00409,WiFi Router U409,CAT009,SUP0067,13153.77,20313.08,38,Discontinued
PRD00410,Laser Printer U410,CAT010,SUP0076,4563.47,5359.26,104,Active
PRD00411,External SSD U411,CAT001,SUP0064,9419.82,12442.45,16,Active
PRD00412,Power Bank U412,CAT002,SUP0068,14128.47,20041.76,50,Discontinued
PRD00413,Webcam U413,CAT003,SUP0024,6171.23,7837.19,106,Discontinued
PRD00414,Desk Lamp U414,CAT004,SUP0091,3675.25,4557.82,28,Discontinued
PRD00415,Filing Cabinet U415,CAT005,SUP0054,13727.94,18875.29,81,Active
PRD00416,Ethernet Cable U416,CAT006,SUP0043,5875.21,7355.75,92,Active
PRD00417,Ink Cartridge U417,CAT007,SUP0012,13839.61,20605.15,78,Active
PRD00418,Headset U418,CAT008,SUP0078,848.93,1104.35,87,Active
PRD00419,HDMI Cable U419,CAT009,SUP0098,13114.42,16068.64,85,Active
PRD00420,Calculator U420,CAT010,SUP0043,7232.56,10832.85,48,Active
PRD00421,Wireless Mouse V421,CAT001,SUP0095,3240.17,3972.48,25,Discontinued
PRD00422,Mechanical Keyboard V422,CAT002,SUP0091,13723.46,19600.54,36,Discontinued
PRD00423,LED Monitor V423,CAT003,SUP0100,13733.69,18826.58,46,Discontinued
PRD00424,USB-C Hub V424,CAT004,SUP0040,7036.46,9917.81,43,Active
PRD00425,Laptop Stand V425,CAT005,SUP0013,7731.22,10428.73,112,Discontinued
PRD00426,Office Chair V426,CAT006,SUP0027,11443.5,14625.86,57,Active
PRD00427,A4 Paper V427,CAT007,SUP0029,6255.84,8601.84,104,Active
PRD00428,Ball Pen Pack V428,CAT008,SUP0075,322.0,441.57,84,Discontinued
PRD00429,WiFi Router V429,CAT009,SUP0030,4484.27,5508.82,58,Active
PRD00430,Laser Printer V430,CAT010,SUP0088,7529.58,10630.59,53,Active
PRD00431,External SSD V431,CAT001,SUP0093,11469.34,15431.41,92,Discontinued
PRD00432,Power Bank V432,CAT002,SUP0046,6955.57,10037.64,31,Active
PRD00433,Webcam V433,CAT003,SUP0070,10827.08,14565.96,92,Active
PRD00434,Desk Lamp V434,CAT004,SUP0010,7897.25,11732.37,114,Active
PRD00435,Filing Cabinet V435,CAT005,SUP0081,11483.94,15100.89,39,Active
PRD00436,Ethernet Cable V436,CAT006,SUP0065,10630.97,12264.49,68,Active
PRD00437,Ink Cartridge V437,CAT007,SUP0079,981.92,1379.69,71,Discontinued
PRD00438,Headset V438,CAT008,SUP0053,314.72,428.93,11,Active
PRD00439,HDMI Cable V439,CAT009,SUP0037,7978.91,10052.6,12,Discontinued
PRD00440,Calculator V440,CAT010,SUP0014,12108.02,18330.44,22,Active
PRD00441,Wireless Mouse W441,CAT001,SUP0033,3675.25,5137.68,114,Active
PRD00442,Mechanical Keyboard W442,CAT002,SUP0048,4068.49,5324.67,61,Discontinued
PRD00443,LED Monitor W443,CAT003,SUP0029,8509.83,13156.99,48,Active
PRD00444,USB-C Hub W444,CAT004,SUP0098,9833.74,14684.6,14,Active
PRD00445,Laptop Stand W445,CAT005,SUP0061,6126.75,7970.09,17,Active
PRD00446,Office Chair W446,CAT006,SUP0056,10566.45,12500.9,92,Active
PRD00447,A4 Paper W447,CAT007,SUP0013,8522.58,12725.78,77,Active
PRD00448,Ball Pen Pack W448,CAT008,SUP0089,3508.12,5299.05,82,Discontinued
PRD00449,WiFi Router W449,CAT009,SUP0088,4124.74,6268.22,45,Active
PRD00450,Laser Printer W450,CAT010,SUP0003,2755.97,4106.87,36,Active
PRD00451,External SSD W451,CAT001,SUP0051,11303.64,16221.68,19,Active
PRD00452,Power Bank W452,CAT002,SUP0050,2503.76,3120.16,96,Active
PRD00453,Webcam W453,CAT003,SUP0089,5806.99,8396.32,102,Active
PRD00454,Desk Lamp W454,CAT004,SUP0007,7551.83,11627.77,22,Discontinued
PRD00455,Filing Cabinet W455,CAT005,SUP0078,3543.59,4182.88,108,Discontinued
PRD00456,Ethernet Cable W456,CAT006,SUP0082,14536.29,18614.46,44,Discontinued
PRD00457,Ink Cartridge W457,CAT007,SUP0049,7399.8,9562.94,65,Active
PRD00458,Headset W458,CAT008,SUP0011,10221.05,14455.31,108,Active
PRD00459,HDMI Cable W459,CAT009,SUP0011,11986.98,17204.23,44,Active
PRD00460,Calculator W460,CAT010,SUP0020,5749.6,8414.86,104,Discontinued
PRD00461,Wireless Mouse X461,CAT001,SUP0001,4804.84,5730.35,49,Discontinued
PRD00462,Mechanical Keyboard X462,CAT002,SUP0017,5449.97,6855.55,21,Active
PRD00463,LED Monitor X463,CAT003,SUP0066,6510.21,8937.18,62,Active
PRD00464,USB-C Hub X464,CAT004,SUP0012,471.83,609.4,86,Active
PRD00465,Laptop Stand X465,CAT005,SUP0053,12966.68,14975.69,59,Active
PRD00466,Office Chair X466,CAT006,SUP0032,10894.67,14967.26,83,Active
PRD00467,A4 Paper X467,CAT007,SUP0035,10304.91,12549.33,48,Active
PRD00468,Ball Pen Pack X468,CAT008,SUP0056,7437.41,8741.24,45,Discontinued
PRD00469,WiFi Router X469,CAT009,SUP0047,4552.3,6660.32,42,Active
PRD00470,Laser Printer X470,CAT010,SUP0079,10835.82,14610.16,35,Discontinued
PRD00471,External SSD X471,CAT001,SUP0051,1676.03,2131.68,52,Discontinued
PRD00472,Power Bank X472,CAT002,SUP0043,12076.82,15480.27,65,Active
PRD00473,Webcam X473,CAT003,SUP0089,4562.49,6347.72,35,Discontinued
PRD00474,Desk Lamp X474,CAT004,SUP0041,4767.61,7322.24,47,Discontinued
PRD00475,Filing Cabinet X475,CAT005,SUP0042,14519.03,21238.29,58,Active
PRD00476,Ethernet Cable X476,CAT006,SUP0015,12262.1,16028.7,82,Active
PRD00477,Ink Cartridge X477,CAT007,SUP0088,8916.03,12199.37,108,Active
PRD00478,Headset X478,CAT008,SUP0091,14298.83,19083.92,36,Discontinued
PRD00479,HDMI Cable X479,CAT009,SUP0009,11981.47,17762.68,114,Discontinued
PRD00480,Calculator X480,CAT010,SUP0039,10120.83,12202.4,40,Active
PRD00481,Wireless Mouse Y481,CAT001,SUP0049,9907.25,14227.75,19,Discontinued
PRD00482,Mechanical Keyboard Y482,CAT002,SUP0052,14861.25,19939.25,78,Discontinued
PRD00483,LED Monitor Y483,CAT003,SUP0047,8191.19,12010.65,99,Active
PRD00484,USB-C Hub Y484,CAT004,SUP0086,1711.79,2138.53,55,Active
PRD00485,Laptop Stand Y485,CAT005,SUP0083,9733.24,11365.69,96,Discontinued
PRD00486,Office Chair Y486,CAT006,SUP0056,14504.82,18604.44,23,Active
PRD00487,A4 Paper Y487,CAT007,SUP0096,1551.21,1921.64,76,Active
PRD00488,Ball Pen Pack Y488,CAT008,SUP0099,6731.02,8793.77,96,Active
PRD00489,WiFi Router Y489,CAT009,SUP0014,5226.91,6062.3,47,Discontinued
PRD00490,Laser Printer Y490,CAT010,SUP0094,13814.57,16361.17,28,Active
PRD00491,External SSD Y491,CAT001,SUP0027,4733.4,6305.52,76,Discontinued
PRD00492,Power Bank Y492,CAT002,SUP0093,5276.64,6274.18,99,Discontinued
PRD00493,Webcam Y493,CAT003,SUP0091,4838.13,6144.94,24,Active
PRD00494,Desk Lamp Y494,CAT004,SUP0087,12749.77,17966.82,112,Active
PRD00495,Filing Cabinet Y495,CAT005,SUP0067,13954.44,20180.85,32,Active
PRD00496,Ethernet Cable Y496,CAT006,SUP0060,5018.37,6627.0,39,Discontinued
PRD00497,Ink Cartridge Y497,CAT007,SUP0085,9476.02,11603.91,65,Discontinued
PRD00498,Headset Y498,CAT008,SUP0026,515.55,719.52,67,Discontinued
PRD00499,HDMI Cable Y499,CAT009,SUP0027,5881.43,8421.59,45,Active
PRD00500,Calculator Y500,CAT010,SUP0069,8694.03,12778.49,33,Active
PRD00501,Wireless Mouse Z501,CAT001,SUP0034,4943.69,6590.04,95,Discontinued
PRD00502,Mechanical Keyboard Z502,CAT002,SUP0077,7953.51,11179.8,59,Discontinued
PRD00503,LED Monitor Z503,CAT003,SUP0059,8838.11,11393.82,89,Active
PRD00504,USB-C Hub Z504,CAT004,SUP0039,12220.97,17505.26,88,Active
PRD00505,Laptop Stand Z505,CAT005,SUP0031,10107.88,12890.32,49,Active
PRD00506,Office Chair Z506,CAT006,SUP0066,2811.02,4012.38,59,Discontinued
PRD00507,A4 Paper Z507,CAT007,SUP0055,8978.67,12389.87,33,Discontinued
PRD00508,Ball Pen Pack Z508,CAT008,SUP0083,9561.68,13648.09,32,Active
PRD00509,WiFi Router Z509,CAT009,SUP0041,7385.46,8907.74,117,Discontinued
PRD00510,Laser Printer Z510,CAT010,SUP0002,9321.6,13947.06,72,Active
PRD00511,External SSD Z511,CAT001,SUP0072,2991.32,3899.42,74,Discontinued
PRD00512,Power Bank Z512,CAT002,SUP0091,6184.28,8328.31,117,Discontinued
PRD00513,Webcam Z513,CAT003,SUP0004,7371.4,8720.87,111,Active
PRD00514,Desk Lamp Z514,CAT004,SUP0069,4437.98,5591.59,46,Active
PRD00515,Filing Cabinet Z515,CAT005,SUP0099,11728.64,16141.66,108,Discontinued
PRD00516,Ethernet Cable Z516,CAT006,SUP0015,8281.91,9899.24,44,Active
PRD00517,Ink Cartridge Z517,CAT007,SUP0098,8167.29,11864.74,102,Discontinued
PRD00518,Headset Z518,CAT008,SUP0014,8231.59,12725.3,104,Active
PRD00519,HDMI Cable Z519,CAT009,SUP0058,4521.82,7007.58,43,Active
PRD00520,Calculator Z520,CAT010,SUP0016,12944.02,15335.99,109,Active
PRD00521,Wireless Mouse A521,CAT001,SUP0089,3211.38,4640.59,54,Discontinued
PRD00522,Mechanical Keyboard A522,CAT002,SUP0027,2556.45,3082.3,114,Active
PRD00523,LED Monitor A523,CAT003,SUP0069,12097.17,16670.26,45,Active
PRD00524,USB-C Hub A524,CAT004,SUP0038,4908.91,7027.7,83,Active
PRD00525,Laptop Stand A525,CAT005,SUP0087,14289.77,19373.58,114,Active
PRD00526,Office Chair A526,CAT006,SUP0053,2102.99,3049.41,17,Active
PRD00527,A4 Paper A527,CAT007,SUP0017,13016.35,15629.45,41,Active
PRD00528,Ball Pen Pack A528,CAT008,SUP0098,10694.01,15842.03,117,Discontinued
PRD00529,WiFi Router A529,CAT009,SUP0035,7382.72,10195.32,90,Discontinued
PRD00530,Laser Printer A530,CAT010,SUP0099,5677.57,6700.71,21,Discontinued
PRD00531,External SSD A531,CAT001,SUP0048,7772.95,9803.95,68,Discontinued
PRD00532,Power Bank A532,CAT002,SUP0100,4963.16,5712.54,118,Active
PRD00533,Webcam A533,CAT003,SUP0086,10985.5,14647.84,99,Active
PRD00534,Desk Lamp A534,CAT004,SUP0051,12763.59,18740.41,37,Discontinued
PRD00535,Filing Cabinet A535,CAT005,SUP0042,12386.73,16695.9,116,Active
PRD00536,Ethernet Cable A536,CAT006,SUP0073,5119.31,7070.66,119,Discontinued
PRD00537,Ink Cartridge A537,CAT007,SUP0098,11841.49,17852.96,16,Active
PRD00538,Headset A538,CAT008,SUP0059,1565.66,2291.43,12,Active
PRD00539,HDMI Cable A539,CAT009,SUP0059,13947.14,16920.58,10,Discontinued
PRD00540,Calculator A540,CAT010,SUP0017,3098.59,4416.84,93,Active
PRD00541,Wireless Mouse B541,CAT001,SUP0036,2451.94,3734.53,21,Active
PRD00542,Mechanical Keyboard B542,CAT002,SUP0084,3815.81,4955.74,31,Active
PRD00543,LED Monitor B543,CAT003,SUP0090,5993.42,7624.85,106,Active
PRD00544,USB-C Hub B544,CAT004,SUP0013,6484.13,7693.29,10,Active
PRD00545,Laptop Stand B545,CAT005,SUP0029,7193.96,8654.91,76,Discontinued
PRD00546,Office Chair B546,CAT006,SUP0016,218.56,312.16,120,Discontinued
PRD00547,A4 Paper B547,CAT007,SUP0030,10434.94,13994.09,59,Active
PRD00548,Ball Pen Pack B548,CAT008,SUP0041,10982.99,13080.42,57,Active
PRD00549,WiFi Router B549,CAT009,SUP0097,2125.97,3102.61,27,Active
PRD00550,Laser Printer B550,CAT010,SUP0079,1100.7,1513.81,93,Active
PRD00551,External SSD B551,CAT001,SUP0081,6646.28,9563.82,105,Active
PRD00552,Power Bank B552,CAT002,SUP0057,13804.82,19277.47,120,Active
PRD00553,Webcam B553,CAT003,SUP0097,1373.39,1634.59,25,Discontinued
PRD00554,Desk Lamp B554,CAT004,SUP0018,5324.91,7038.23,41,Active
PRD00555,Filing Cabinet B555,CAT005,SUP0077,9697.74,12115.06,86,Active
PRD00556,Ethernet Cable B556,CAT006,SUP0085,11702.23,16689.61,48,Active
PRD00557,Ink Cartridge B557,CAT007,SUP0096,7804.82,10566.24,60,Active
PRD00558,Headset B558,CAT008,SUP0031,9720.85,14226.66,73,Discontinued
PRD00559,HDMI Cable B559,CAT009,SUP0077,1762.14,2378.59,19,Active
PRD00560,Calculator B560,CAT010,SUP0017,14804.29,22555.37,59,Discontinued
PRD00561,Wireless Mouse C561,CAT001,SUP0098,5531.95,7872.94,70,Active
PRD00562,Mechanical Keyboard C562,CAT002,SUP0034,329.01,387.25,37,Active
PRD00563,LED Monitor C563,CAT003,SUP0051,13844.88,21175.36,74,Active
PRD00564,USB-C Hub C564,CAT004,SUP0054,9458.27,12772.63,64,Discontinued
PRD00565,Laptop Stand C565,CAT005,SUP0079,1309.82,1787.41,29,Active
PRD00566,Office Chair C566,CAT006,SUP0027,1327.27,1568.31,113,Active
PRD00567,A4 Paper C567,CAT007,SUP0082,8082.94,10558.68,107,Active
PRD00568,Ball Pen Pack C568,CAT008,SUP0031,4707.73,6237.72,17,Active
PRD00569,WiFi Router C569,CAT009,SUP0059,1366.29,1808.69,88,Active
PRD00570,Laser Printer C570,CAT010,SUP0095,4694.61,6791.59,32,Active
PRD00571,External SSD C571,CAT001,SUP0002,268.96,324.07,30,Discontinued
PRD00572,Power Bank C572,CAT002,SUP0093,14299.0,19435.23,43,Active
PRD00573,Webcam C573,CAT003,SUP0035,5628.29,8160.52,103,Active
PRD00574,Desk Lamp C574,CAT004,SUP0055,11589.74,13464.29,44,Active
PRD00575,Filing Cabinet C575,CAT005,SUP0081,4003.21,6165.02,19,Discontinued
PRD00576,Ethernet Cable C576,CAT006,SUP0064,6871.55,8892.13,119,Active
PRD00577,Ink Cartridge C577,CAT007,SUP0014,5565.9,6968.77,83,Active
PRD00578,Headset C578,CAT008,SUP0006,3487.79,4720.83,119,Active
PRD00579,HDMI Cable C579,CAT009,SUP0050,3728.71,4991.65,29,Active
PRD00580,Calculator C580,CAT010,SUP0071,13972.91,20861.47,112,Discontinued
PRD00581,Wireless Mouse D581,CAT001,SUP0093,3429.77,4284.83,50,Active
PRD00582,Mechanical Keyboard D582,CAT002,SUP0016,12403.88,17100.17,74,Active
PRD00583,LED Monitor D583,CAT003,SUP0006,2755.82,4055.84,61,Active
PRD00584,USB-C Hub D584,CAT004,SUP0100,13164.71,19699.84,118,Active
PRD00585,Laptop Stand D585,CAT005,SUP0002,4963.33,6805.9,57,Active
PRD00586,Office Chair D586,CAT006,SUP0095,4430.6,6485.53,89,Active
PRD00587,A4 Paper D587,CAT007,SUP0064,7001.79,9709.22,108,Active
PRD00588,Ball Pen Pack D588,CAT008,SUP0032,11008.35,15066.29,29,Active
PRD00589,WiFi Router D589,CAT009,SUP0070,13991.37,16223.89,54,Active
PRD00590,Laser Printer D590,CAT010,SUP0085,14268.77,16417.43,58,Active
PRD00591,External SSD D591,CAT001,SUP0031,1630.92,2221.19,63,Discontinued
PRD00592,Power Bank D592,CAT002,SUP0019,14420.88,22194.08,101,Active
PRD00593,Webcam D593,CAT003,SUP0067,1467.96,2229.11,62,Active
PRD00594,Desk Lamp D594,CAT004,SUP0075,6920.19,10028.46,22,Active
PRD00595,Filing Cabinet D595,CAT005,SUP0076,9587.26,12537.65,82,Active
PRD00596,Ethernet Cable D596,CAT006,SUP0031,6569.94,10089.37,47,Active
PRD00597,Ink Cartridge D597,CAT007,SUP0051,12775.63,19424.28,99,Active
PRD00598,Headset D598,CAT008,SUP0010,4825.42,6074.15,35,Active
PRD00599,HDMI Cable D599,CAT009,SUP0020,11716.66,16214.49,23,Active
PRD00600,Calculator D600,CAT010,SUP0016,6787.54,8658.28,78,Active
PRD00601,Wireless Mouse E601,CAT001,SUP0040,14472.35,17845.2,69,Active
PRD00602,Mechanical Keyboard E602,CAT002,SUP0088,12799.03,15181.8,48,Active
PRD00603,LED Monitor E603,CAT003,SUP0019,3288.11,4907.93,21,Active
PRD00604,USB-C Hub E604,CAT004,SUP0007,14528.53,19010.55,96,Active
PRD00605,Laptop Stand E605,CAT005,SUP0004,3961.69,6125.84,61,Discontinued
PRD00606,Office Chair E606,CAT006,SUP0013,8374.83,11473.92,69,Active
PRD00607,A4 Paper E607,CAT007,SUP0002,12074.14,14560.41,17,Active
PRD00608,Ball Pen Pack E608,CAT008,SUP0048,2030.27,3003.72,97,Active
PRD00609,WiFi Router E609,CAT009,SUP0010,8768.27,10991.27,12,Active
PRD00610,Laser Printer E610,CAT010,SUP0017,3030.44,4268.06,21,Active
PRD00611,External SSD E611,CAT001,SUP0007,1908.11,2913.52,31,Discontinued
PRD00612,Power Bank E612,CAT002,SUP0004,12339.55,16140.12,58,Discontinued
PRD00613,Webcam E613,CAT003,SUP0024,2658.28,3285.33,45,Active
PRD00614,Desk Lamp E614,CAT004,SUP0079,6734.49,8145.05,89,Active
PRD00615,Filing Cabinet E615,CAT005,SUP0071,9737.39,13141.16,71,Active
PRD00616,Ethernet Cable E616,CAT006,SUP0054,1388.81,1809.91,35,Active
PRD00617,Ink Cartridge E617,CAT007,SUP0003,9490.86,13959.79,58,Active
PRD00618,Headset E618,CAT008,SUP0045,7236.89,10584.49,82,Active
PRD00619,HDMI Cable E619,CAT009,SUP0041,5874.65,7178.39,86,Active
PRD00620,Calculator E620,CAT010,SUP0036,517.21,762.51,17,Discontinued
PRD00621,Wireless Mouse F621,CAT001,SUP0030,7979.13,11623.49,30,Active
PRD00622,Mechanical Keyboard F622,CAT002,SUP0069,3778.03,4709.17,114,Active
PRD00623,LED Monitor F623,CAT003,SUP0074,11479.62,17553.73,118,Discontinued
PRD00624,USB-C Hub F624,CAT004,SUP0023,5373.69,7983.63,32,Active
PRD00625,Laptop Stand F625,CAT005,SUP0090,8920.39,13135.13,55,Active
PRD00626,Office Chair F626,CAT006,SUP0073,10575.52,13649.54,82,Active
PRD00627,A4 Paper F627,CAT007,SUP0064,8481.58,10392.42,79,Active
PRD00628,Ball Pen Pack F628,CAT008,SUP0008,2699.31,3145.2,39,Active
PRD00629,WiFi Router F629,CAT009,SUP0043,377.33,506.07,88,Active
PRD00630,Laser Printer F630,CAT010,SUP0023,12112.17,15579.93,112,Active
PRD00631,External SSD F631,CAT001,SUP0091,968.57,1171.08,28,Active
PRD00632,Power Bank F632,CAT002,SUP0010,12709.49,18991.38,57,Discontinued
PRD00633,Webcam F633,CAT003,SUP0042,8823.37,11334.72,27,Active
PRD00634,Desk Lamp F634,CAT004,SUP0082,11006.69,14581.08,72,Active
PRD00635,Filing Cabinet F635,CAT005,SUP0089,2679.1,4119.11,88,Active
PRD00636,Ethernet Cable F636,CAT006,SUP0023,3410.7,4725.8,58,Active
PRD00637,Ink Cartridge F637,CAT007,SUP0023,11031.21,13985.44,103,Active
PRD00638,Headset F638,CAT008,SUP0051,14235.92,21773.54,118,Active
PRD00639,HDMI Cable F639,CAT009,SUP0079,2796.66,3572.14,38,Active
PRD00640,Calculator F640,CAT010,SUP0096,14055.38,16954.41,19,Active
PRD00641,Wireless Mouse G641,CAT001,SUP0082,5254.41,6714.12,21,Active
PRD00642,Mechanical Keyboard G642,CAT002,SUP0032,6743.72,8470.69,98,Active
PRD00643,LED Monitor G643,CAT003,SUP0093,5309.18,7776.93,10,Active
PRD00644,USB-C Hub G644,CAT004,SUP0022,5838.18,8424.69,62,Discontinued
PRD00645,Laptop Stand G645,CAT005,SUP0049,13236.02,17080.98,22,Discontinued
PRD00646,Office Chair G646,CAT006,SUP0098,11847.85,16364.51,97,Active
PRD00647,A4 Paper G647,CAT007,SUP0005,2506.84,2956.78,47,Active
PRD00648,Ball Pen Pack G648,CAT008,SUP0010,4835.26,7401.16,53,Active
PRD00649,WiFi Router G649,CAT009,SUP0010,13327.93,16184.93,80,Active
PRD00650,Laser Printer G650,CAT010,SUP0062,5122.22,7909.27,100,Active
PRD00651,External SSD G651,CAT001,SUP0078,6515.34,9196.1,65,Active
PRD00652,Power Bank G652,CAT002,SUP0025,879.05,1127.33,62,Active
PRD00653,Webcam G653,CAT003,SUP0013,9936.12,12608.54,16,Discontinued
PRD00654,Desk Lamp G654,CAT004,SUP0020,8610.81,12795.16,16,Active
PRD00655,Filing Cabinet G655,CAT005,SUP0085,136.93,162.27,90,Discontinued
PRD00656,Ethernet Cable G656,CAT006,SUP0022,3059.15,3549.51,91,Active
PRD00657,Ink Cartridge G657,CAT007,SUP0015,14657.7,19632.94,49,Discontinued
PRD00658,Headset G658,CAT008,SUP0034,7106.49,10716.24,21,Discontinued
PRD00659,HDMI Cable G659,CAT009,SUP0048,2838.43,4269.56,33,Discontinued
PRD00660,Calculator G660,CAT010,SUP0034,745.68,988.69,38,Active
PRD00661,Wireless Mouse H661,CAT001,SUP0090,8498.56,10287.1,95,Active
PRD00662,Mechanical Keyboard H662,CAT002,SUP0070,1358.75,1749.41,62,Active
PRD00663,LED Monitor H663,CAT003,SUP0067,8339.74,12395.51,63,Discontinued
PRD00664,USB-C Hub H664,CAT004,SUP0039,8624.9,10731.59,20,Discontinued
PRD00665,Laptop Stand H665,CAT005,SUP0065,13549.44,19453.23,83,Active
PRD00666,Office Chair H666,CAT006,SUP0023,1874.61,2723.57,31,Active
PRD00667,A4 Paper H667,CAT007,SUP0055,12142.23,14576.44,20,Discontinued
PRD00668,Ball Pen Pack H668,CAT008,SUP0019,3092.64,4574.09,116,Active
PRD00669,WiFi Router H669,CAT009,SUP0009,4850.66,6989.03,21,Discontinued
PRD00670,Laser Printer H670,CAT010,SUP0036,8380.95,11488.79,76,Discontinued
PRD00671,External SSD H671,CAT001,SUP0090,13764.06,15896.74,89,Discontinued
PRD00672,Power Bank H672,CAT002,SUP0073,1758.78,2127.87,85,Active
PRD00673,Webcam H673,CAT003,SUP0013,13879.93,19085.92,110,Active
PRD00674,Desk Lamp H674,CAT004,SUP0053,13022.73,19560.85,43,Discontinued
PRD00675,Filing Cabinet H675,CAT005,SUP0061,9849.43,13580.49,14,Active
PRD00676,Ethernet Cable H676,CAT006,SUP0078,4189.18,5058.61,97,Discontinued
PRD00677,Ink Cartridge H677,CAT007,SUP0043,658.64,991.8,98,Active
PRD00678,Headset H678,CAT008,SUP0035,815.42,1092.73,57,Active
PRD00679,HDMI Cable H679,CAT009,SUP0040,5120.96,7514.81,45,Discontinued
PRD00680,Calculator H680,CAT010,SUP0030,12884.86,18347.28,27,Active
PRD00681,Wireless Mouse I681,CAT001,SUP0042,14615.35,19398.14,44,Discontinued
PRD00682,Mechanical Keyboard I682,CAT002,SUP0057,9106.29,10797.46,37,Discontinued
PRD00683,LED Monitor I683,CAT003,SUP0048,11134.9,16187.89,115,Active
PRD00684,USB-C Hub I684,CAT004,SUP0040,7767.82,9426.94,100,Discontinued
PRD00685,Laptop Stand I685,CAT005,SUP0073,2103.9,3135.9,13,Active
PRD00686,Office Chair I686,CAT006,SUP0008,2956.03,4384.3,41,Active
PRD00687,A4 Paper I687,CAT007,SUP0091,6890.21,10453.91,35,Active
PRD00688,Ball Pen Pack I688,CAT008,SUP0051,5575.81,7447.54,91,Active
PRD00689,WiFi Router I689,CAT009,SUP0063,10243.12,12770.87,86,Discontinued
PRD00690,Laser Printer I690,CAT010,SUP0076,2729.55,4089.39,80,Active
PRD00691,External SSD I691,CAT001,SUP0034,5216.2,7746.38,105,Active
PRD00692,Power Bank I692,CAT002,SUP0021,4333.24,5653.26,119,Active
PRD00693,Webcam I693,CAT003,SUP0087,12868.1,18130.53,36,Active
PRD00694,Desk Lamp I694,CAT004,SUP0100,9801.68,13284.34,108,Active
PRD00695,Filing Cabinet I695,CAT005,SUP0023,7153.53,8605.16,86,Active
PRD00696,Ethernet Cable I696,CAT006,SUP0040,3418.65,4763.33,101,Active
PRD00697,Ink Cartridge I697,CAT007,SUP0045,6403.2,8327.94,68,Active
PRD00698,Headset I698,CAT008,SUP0067,3335.68,4239.18,115,Discontinued
PRD00699,HDMI Cable I699,CAT009,SUP0085,8800.55,10146.5,117,Active
PRD00700,Calculator I700,CAT010,SUP0037,8456.94,11734.08,48,Active
PRD00701,Wireless Mouse J701,CAT001,SUP0036,7267.54,9335.25,91,Active
PRD00702,Mechanical Keyboard J702,CAT002,SUP0092,12933.45,16224.48,93,Active
PRD00703,LED Monitor J703,CAT003,SUP0031,2890.33,3921.94,17,Discontinued
PRD00704,USB-C Hub J704,CAT004,SUP0093,9935.11,14130.73,13,Discontinued
PRD00705,Laptop Stand J705,CAT005,SUP0054,14962.24,18759.22,61,Discontinued
PRD00706,Office Chair J706,CAT006,SUP0074,11072.04,15314.95,114,Active
PRD00707,A4 Paper J707,CAT007,SUP0088,5200.05,7463.88,78,Discontinued
PRD00708,Ball Pen Pack J708,CAT008,SUP0065,13605.38,19302.6,48,Active
PRD00709,WiFi Router J709,CAT009,SUP0024,12622.33,18941.04,47,Active
PRD00710,Laser Printer J710,CAT010,SUP0093,7104.05,10275.07,113,Active
PRD00711,External SSD J711,CAT001,SUP0084,14208.1,21451.91,21,Active
PRD00712,Power Bank J712,CAT002,SUP0040,5380.83,7789.74,63,Active
PRD00713,Webcam J713,CAT003,SUP0060,5625.5,7786.98,118,Active
PRD00714,Desk Lamp J714,CAT004,SUP0075,7100.41,10626.17,84,Active
PRD00715,Filing Cabinet J715,CAT005,SUP0016,7125.52,8748.84,97,Discontinued
PRD00716,Ethernet Cable J716,CAT006,SUP0020,7985.19,10502.46,27,Active
PRD00717,Ink Cartridge J717,CAT007,SUP0059,5192.63,8021.97,28,Active
PRD00718,Headset J718,CAT008,SUP0011,12946.92,15822.98,72,Active
PRD00719,HDMI Cable J719,CAT009,SUP0082,9495.01,11590.84,17,Active
PRD00720,Calculator J720,CAT010,SUP0100,6824.63,8419.91,31,Active
PRD00721,Wireless Mouse K721,CAT001,SUP0012,7384.49,10747.59,26,Discontinued
PRD00722,Mechanical Keyboard K722,CAT002,SUP0062,9531.63,12499.37,59,Active
PRD00723,LED Monitor K723,CAT003,SUP0048,642.86,790.57,11,Active
PRD00724,USB-C Hub K724,CAT004,SUP0003,11372.17,15493.6,96,Active
PRD00725,Laptop Stand K725,CAT005,SUP0089,9430.17,11783.27,54,Active
PRD00726,Office Chair K726,CAT006,SUP0076,2003.65,2611.6,49,Active
PRD00727,A4 Paper K727,CAT007,SUP0038,1054.08,1231.47,68,Active
PRD00728,Ball Pen Pack K728,CAT008,SUP0018,6550.29,9332.28,53,Discontinued
PRD00729,WiFi Router K729,CAT009,SUP0052,5440.02,6666.04,12,Active
PRD00730,Laser Printer K730,CAT010,SUP0028,3426.87,5290.92,103,Active
PRD00731,External SSD K731,CAT001,SUP0047,8878.22,10810.07,101,Active
PRD00732,Power Bank K732,CAT002,SUP0099,5677.87,7983.81,78,Active
PRD00733,Webcam K733,CAT003,SUP0014,8941.35,10454.08,93,Active
PRD00734,Desk Lamp K734,CAT004,SUP0057,799.67,956.66,58,Active
PRD00735,Filing Cabinet K735,CAT005,SUP0020,8245.45,11046.91,36,Active
PRD00736,Ethernet Cable K736,CAT006,SUP0085,4572.66,6468.79,76,Active
PRD00737,Ink Cartridge K737,CAT007,SUP0054,9372.14,13404.88,116,Active
PRD00738,Headset K738,CAT008,SUP0037,7712.85,10775.46,24,Active
PRD00739,HDMI Cable K739,CAT009,SUP0100,7506.27,10460.74,43,Active
PRD00740,Calculator K740,CAT010,SUP0021,5420.19,7121.6,15,Discontinued
PRD00741,Wireless Mouse L741,CAT001,SUP0062,13662.52,19472.94,52,Active
PRD00742,Mechanical Keyboard L742,CAT002,SUP0015,120.85,171.44,116,Discontinued
PRD00743,LED Monitor L743,CAT003,SUP0066,2305.24,2734.09,19,Active
PRD00744,USB-C Hub L744,CAT004,SUP0059,13579.31,19116.07,47,Active
PRD00745,Laptop Stand L745,CAT005,SUP0023,7007.02,8337.82,15,Active
PRD00746,Office Chair L746,CAT006,SUP0055,5454.4,7749.1,104,Active
PRD00747,A4 Paper L747,CAT007,SUP0006,1497.38,2176.11,11,Active
PRD00748,Ball Pen Pack L748,CAT008,SUP0046,9977.26,12154.35,66,Active
PRD00749,WiFi Router L749,CAT009,SUP0044,13186.86,15655.18,33,Active
PRD00750,Laser Printer L750,CAT010,SUP0035,6059.6,9301.03,116,Discontinued
PRD00751,External SSD L751,CAT001,SUP0054,10373.34,13913.74,93,Active
PRD00752,Power Bank L752,CAT002,SUP0008,1766.8,2523.82,118,Active
PRD00753,Webcam L753,CAT003,SUP0062,1627.4,2464.68,112,Discontinued
PRD00754,Desk Lamp L754,CAT004,SUP0046,2784.41,3625.02,88,Active
PRD00755,Filing Cabinet L755,CAT005,SUP0094,12949.63,19450.09,26,Discontinued
PRD00756,Ethernet Cable L756,CAT006,SUP0053,13812.34,16508.16,66,Active
PRD00757,Ink Cartridge L757,CAT007,SUP0002,1024.97,1447.25,100,Active
PRD00758,Headset L758,CAT008,SUP0044,14670.2,20801.43,76,Active
PRD00759,HDMI Cable L759,CAT009,SUP0062,6538.09,9419.17,54,Discontinued
PRD00760,Calculator L760,CAT010,SUP0079,2297.92,3402.24,16,Active
PRD00761,Wireless Mouse M761,CAT001,SUP0061,9679.51,11739.03,119,Discontinued
PRD00762,Mechanical Keyboard M762,CAT002,SUP0063,13051.68,15400.28,51,Active
PRD00763,LED Monitor M763,CAT003,SUP0065,5016.95,6327.69,38,Discontinued
PRD00764,USB-C Hub M764,CAT004,SUP0059,6096.89,7584.53,66,Discontinued
PRD00765,Laptop Stand M765,CAT005,SUP0041,1393.26,1880.04,25,Discontinued
PRD00766,Office Chair M766,CAT006,SUP0052,11198.97,12958.41,62,Active
PRD00767,A4 Paper M767,CAT007,SUP0012,8392.39,9651.82,111,Active
PRD00768,Ball Pen Pack M768,CAT008,SUP0084,13360.45,18369.72,95,Discontinued
PRD00769,WiFi Router M769,CAT009,SUP0007,14259.3,18470.6,114,Active
PRD00770,Laser Printer M770,CAT010,SUP0099,12677.22,16262.2,89,Discontinued
PRD00771,External SSD M771,CAT001,SUP0058,10772.54,13953.86,24,Active
PRD00772,Power Bank M772,CAT002,SUP0044,11409.05,14132.38,55,Active
PRD00773,Webcam M773,CAT003,SUP0014,8251.54,10723.34,15,Active
PRD00774,Desk Lamp M774,CAT004,SUP0096,7426.94,10982.48,102,Discontinued
PRD00775,Filing Cabinet M775,CAT005,SUP0025,1675.87,2336.73,25,Discontinued
PRD00776,Ethernet Cable M776,CAT006,SUP0025,3296.6,4878.38,101,Active
PRD00777,Ink Cartridge M777,CAT007,SUP0082,1687.86,2220.87,117,Active
PRD00778,Headset M778,CAT008,SUP0085,11600.41,15430.89,85,Active
PRD00779,HDMI Cable M779,CAT009,SUP0095,14460.71,16654.91,16,Discontinued
PRD00780,Calculator M780,CAT010,SUP0066,12595.14,16917.45,109,Active
PRD00781,Wireless Mouse N781,CAT001,SUP0017,10401.92,12684.73,23,Discontinued
PRD00782,Mechanical Keyboard N782,CAT002,SUP0042,9890.23,13771.79,74,Discontinued
PRD00783,LED Monitor N783,CAT003,SUP0089,6326.48,8816.57,107,Active
PRD00784,USB-C Hub N784,CAT004,SUP0038,4162.05,6390.57,67,Active
PRD00785,Laptop Stand N785,CAT005,SUP0096,2141.65,2979.06,75,Active
PRD00786,Office Chair N786,CAT006,SUP0041,12658.67,17331.27,101,Active
PRD00787,A4 Paper N787,CAT007,SUP0038,3077.27,4307.15,97,Active
PRD00788,Ball Pen Pack N788,CAT008,SUP0091,13824.18,16631.44,93,Active
PRD00789,WiFi Router N789,CAT009,SUP0042,7598.09,10847.98,100,Active
PRD00790,Laser Printer N790,CAT010,SUP0075,11430.76,15716.29,83,Discontinued
PRD00791,External SSD N791,CAT001,SUP0069,10139.71,15286.08,46,Discontinued
PRD00792,Power Bank N792,CAT002,SUP0004,12139.91,16499.25,58,Active
PRD00793,Webcam N793,CAT003,SUP0035,871.73,1022.23,106,Active
PRD00794,Desk Lamp N794,CAT004,SUP0019,14754.3,21000.62,117,Active
PRD00795,Filing Cabinet N795,CAT005,SUP0097,10383.68,13167.09,79,Active
PRD00796,Ethernet Cable N796,CAT006,SUP0079,5431.54,7229.59,96,Active
PRD00797,Ink Cartridge N797,CAT007,SUP0031,11156.8,15335.11,75,Active
PRD00798,Headset N798,CAT008,SUP0049,10418.61,12177.19,59,Discontinued
PRD00799,HDMI Cable N799,CAT009,SUP0041,14353.99,22109.87,80,Active
PRD00800,Calculator N800,CAT010,SUP0080,273.44,341.95,109,Discontinued
PRD00801,Wireless Mouse O801,CAT001,SUP0091,12463.35,18876.92,100,Active
PRD00802,Mechanical Keyboard O802,CAT002,SUP0078,11346.21,15528.95,35,Active
PRD00803,LED Monitor O803,CAT003,SUP0088,4469.13,5456.68,19,Active
PRD00804,USB-C Hub O804,CAT004,SUP0016,14440.13,20852.01,58,Active
PRD00805,Laptop Stand O805,CAT005,SUP0017,6473.34,8885.56,30,Active
PRD00806,Office Chair O806,CAT006,SUP0020,164.23,219.5,15,Active
PRD00807,A4 Paper O807,CAT007,SUP0100,13935.13,19352.44,90,Active
PRD00808,Ball Pen Pack O808,CAT008,SUP0046,7399.02,10203.77,19,Active
PRD00809,WiFi Router O809,CAT009,SUP0067,7918.89,12138.04,18,Active
PRD00810,Laser Printer O810,CAT010,SUP0012,6285.69,8578.8,54,Active
PRD00811,External SSD O811,CAT001,SUP0043,13260.28,18767.72,56,Active
PRD00812,Power Bank O812,CAT002,SUP0068,3339.2,4845.39,70,Active
PRD00813,Webcam O813,CAT003,SUP0031,1791.65,2308.37,92,Active
PRD00814,Desk Lamp O814,CAT004,SUP0042,14386.74,20472.63,58,Active
PRD00815,Filing Cabinet O815,CAT005,SUP0037,5837.27,7974.26,13,Active
PRD00816,Ethernet Cable O816,CAT006,SUP0063,7753.49,10494.3,15,Active
PRD00817,Ink Cartridge O817,CAT007,SUP0066,13482.36,16542.92,20,Active
PRD00818,Headset O818,CAT008,SUP0069,2577.53,3950.09,78,Active
PRD00819,HDMI Cable O819,CAT009,SUP0081,9433.84,11644.31,109,Active
PRD00820,Calculator O820,CAT010,SUP0014,12985.07,17136.19,36,Discontinued
PRD00821,Wireless Mouse P821,CAT001,SUP0096,9726.69,14841.96,97,Active
PRD00822,Mechanical Keyboard P822,CAT002,SUP0005,434.39,624.11,21,Active
PRD00823,LED Monitor P823,CAT003,SUP0072,889.68,1305.77,19,Active
PRD00824,USB-C Hub P824,CAT004,SUP0058,13671.92,17951.96,90,Discontinued
PRD00825,Laptop Stand P825,CAT005,SUP0087,6540.73,7566.03,25,Active
PRD00826,Office Chair P826,CAT006,SUP0097,9650.03,13484.37,105,Active
PRD00827,A4 Paper P827,CAT007,SUP0065,10537.16,12423.69,23,Active
PRD00828,Ball Pen Pack P828,CAT008,SUP0012,11820.43,15018.33,46,Discontinued
PRD00829,WiFi Router P829,CAT009,SUP0004,5770.69,8533.98,70,Active
PRD00830,Laser Printer P830,CAT010,SUP0051,8039.34,9683.81,111,Active
PRD00831,External SSD P831,CAT001,SUP0087,14405.2,17396.15,111,Active
PRD00832,Power Bank P832,CAT002,SUP0072,14364.28,16582.99,28,Active
PRD00833,Webcam P833,CAT003,SUP0051,703.26,969.86,78,Active
PRD00834,Desk Lamp P834,CAT004,SUP0093,4625.99,6704.53,54,Active
PRD00835,Filing Cabinet P835,CAT005,SUP0066,6236.81,8783.75,28,Active
PRD00836,Ethernet Cable P836,CAT006,SUP0033,2825.17,3946.07,34,Active
PRD00837,Ink Cartridge P837,CAT007,SUP0007,2785.86,4094.84,118,Discontinued
PRD00838,Headset P838,CAT008,SUP0086,9698.54,11437.08,18,Active
PRD00839,HDMI Cable P839,CAT009,SUP0063,1545.18,2225.42,52,Active
PRD00840,Calculator P840,CAT010,SUP0013,1992.97,2814.45,46,Active
PRD00841,Wireless Mouse Q841,CAT001,SUP0058,13509.77,17253.52,52,Active
PRD00842,Mechanical Keyboard Q842,CAT002,SUP0073,10426.4,12625.93,56,Active
PRD00843,LED Monitor Q843,CAT003,SUP0041,14383.19,17510.9,41,Active
PRD00844,USB-C Hub Q844,CAT004,SUP0036,10706.01,15056.24,117,Active
PRD00845,Laptop Stand Q845,CAT005,SUP0062,2083.84,3007.38,69,Discontinued
PRD00846,Office Chair Q846,CAT006,SUP0071,5432.42,6911.06,23,Active
PRD00847,A4 Paper Q847,CAT007,SUP0036,9711.63,11486.81,119,Active
PRD00848,Ball Pen Pack Q848,CAT008,SUP0094,13378.15,16436.03,90,Active
PRD00849,WiFi Router Q849,CAT009,SUP0065,10933.19,16474.59,90,Active
PRD00850,Laser Printer Q850,CAT010,SUP0099,12204.62,16861.42,85,Active
PRD00851,External SSD Q851,CAT001,SUP0070,13602.05,18643.48,79,Discontinued
PRD00852,Power Bank Q852,CAT002,SUP0051,9836.31,11896.56,38,Active
PRD00853,Webcam Q853,CAT003,SUP0012,2077.51,2805.57,60,Active
PRD00854,Desk Lamp Q854,CAT004,SUP0079,7572.34,10715.4,97,Active
PRD00855,Filing Cabinet Q855,CAT005,SUP0021,11377.51,13722.96,32,Active
PRD00856,Ethernet Cable Q856,CAT006,SUP0046,11059.92,14857.91,15,Active
PRD00857,Ink Cartridge Q857,CAT007,SUP0034,11441.17,14217.94,57,Active
PRD00858,Headset Q858,CAT008,SUP0047,718.7,885.95,59,Discontinued
PRD00859,HDMI Cable Q859,CAT009,SUP0006,13775.1,20698.75,93,Active
PRD00860,Calculator Q860,CAT010,SUP0082,1620.12,2490.73,116,Active
PRD00861,Wireless Mouse R861,CAT001,SUP0070,12536.29,15737.14,82,Active
PRD00862,Mechanical Keyboard R862,CAT002,SUP0076,5699.76,7417.71,93,Active
PRD00863,LED Monitor R863,CAT003,SUP0029,7788.61,10129.33,76,Discontinued
PRD00864,USB-C Hub R864,CAT004,SUP0063,5345.24,8002.29,111,Discontinued
PRD00865,Laptop Stand R865,CAT005,SUP0018,13316.61,15349.25,66,Active
PRD00866,Office Chair R866,CAT006,SUP0036,3511.46,4760.9,37,Active
PRD00867,A4 Paper R867,CAT007,SUP0092,2868.63,3714.56,114,Active
PRD00868,Ball Pen Pack R868,CAT008,SUP0043,9943.76,13084.45,102,Active
PRD00869,WiFi Router R869,CAT009,SUP0027,7264.23,9745.15,85,Active
PRD00870,Laser Printer R870,CAT010,SUP0032,9737.11,12798.06,15,Active
PRD00871,External SSD R871,CAT001,SUP0081,8636.42,10488.51,75,Active
PRD00872,Power Bank R872,CAT002,SUP0022,13370.7,16161.78,43,Active
PRD00873,Webcam R873,CAT003,SUP0073,7788.28,10219.64,91,Active
PRD00874,Desk Lamp R874,CAT004,SUP0037,13187.35,19005.47,20,Active
PRD00875,Filing Cabinet R875,CAT005,SUP0062,6782.11,10492.67,31,Active
PRD00876,Ethernet Cable R876,CAT006,SUP0075,12469.02,17336.12,115,Active
PRD00877,Ink Cartridge R877,CAT007,SUP0022,9378.32,12701.26,102,Active
PRD00878,Headset R878,CAT008,SUP0009,13841.49,19220.48,39,Discontinued
PRD00879,HDMI Cable R879,CAT009,SUP0026,5831.09,6958.99,76,Discontinued
PRD00880,Calculator R880,CAT010,SUP0023,12411.59,17279.47,70,Active
PRD00881,Wireless Mouse S881,CAT001,SUP0097,13176.07,17953.34,25,Active
PRD00882,Mechanical Keyboard S882,CAT002,SUP0078,7275.03,8745.54,79,Active
PRD00883,LED Monitor S883,CAT003,SUP0084,13462.78,19654.96,65,Discontinued
PRD00884,USB-C Hub S884,CAT004,SUP0068,5606.03,6544.34,64,Active
PRD00885,Laptop Stand S885,CAT005,SUP0099,14081.25,18909.0,58,Active
PRD00886,Office Chair S886,CAT006,SUP0098,8868.6,12828.94,117,Active
PRD00887,A4 Paper S887,CAT007,SUP0099,6428.3,8046.99,39,Active
PRD00888,Ball Pen Pack S888,CAT008,SUP0053,4306.34,6462.55,42,Active
PRD00889,WiFi Router S889,CAT009,SUP0001,161.6,233.91,83,Active
PRD00890,Laser Printer S890,CAT010,SUP0027,7834.85,10185.4,98,Active
PRD00891,External SSD S891,CAT001,SUP0055,6179.97,7370.44,93,Active
PRD00892,Power Bank S892,CAT002,SUP0073,3978.64,5428.62,56,Active
PRD00893,Webcam S893,CAT003,SUP0027,14877.64,19474.56,62,Discontinued
PRD00894,Desk Lamp S894,CAT004,SUP0062,2746.5,3772.7,42,Active
PRD00895,Filing Cabinet S895,CAT005,SUP0051,8698.56,12697.09,104,Active
PRD00896,Ethernet Cable S896,CAT006,SUP0096,12836.58,18147.24,39,Discontinued
PRD00897,Ink Cartridge S897,CAT007,SUP0013,11763.99,17995.35,37,Discontinued
PRD00898,Headset S898,CAT008,SUP0079,11808.33,17362.28,99,Active
PRD00899,HDMI Cable S899,CAT009,SUP0001,2478.21,3806.1,112,Active
PRD00900,Calculator S900,CAT010,SUP0077,12362.97,16549.91,65,Active
PRD00901,Wireless Mouse T901,CAT001,SUP0011,1036.08,1283.4,87,Active
PRD00902,Mechanical Keyboard T902,CAT002,SUP0052,10889.46,16576.74,88,Active
PRD00903,LED Monitor T903,CAT003,SUP0100,10697.16,14858.24,114,Active
PRD00904,USB-C Hub T904,CAT004,SUP0026,9633.15,12769.6,118,Active
PRD00905,Laptop Stand T905,CAT005,SUP0066,2985.62,4369.7,76,Active
PRD00906,Office Chair T906,CAT006,SUP0047,9258.63,13143.64,40,Active
PRD00907,A4 Paper T907,CAT007,SUP0036,14636.64,17340.57,109,Discontinued
PRD00908,Ball Pen Pack T908,CAT008,SUP0076,5348.66,6996.35,35,Active
PRD00909,WiFi Router T909,CAT009,SUP0012,11074.93,13040.14,80,Active
PRD00910,Laser Printer T910,CAT010,SUP0075,10913.99,14991.95,54,Active
PRD00911,External SSD T911,CAT001,SUP0078,14452.25,18218.55,34,Discontinued
PRD00912,Power Bank T912,CAT002,SUP0034,13951.33,19252.31,32,Discontinued
PRD00913,Webcam T913,CAT003,SUP0065,7633.07,10483.66,47,Active
PRD00914,Desk Lamp T914,CAT004,SUP0033,14209.47,20904.64,78,Active
PRD00915,Filing Cabinet T915,CAT005,SUP0073,10437.34,16036.16,71,Active
PRD00916,Ethernet Cable T916,CAT006,SUP0059,11381.5,17464.86,97,Discontinued
PRD00917,Ink Cartridge T917,CAT007,SUP0062,13456.14,20114.36,24,Active
PRD00918,Headset T918,CAT008,SUP0029,1087.91,1526.84,96,Active
PRD00919,HDMI Cable T919,CAT009,SUP0046,12018.41,15803.85,76,Active
PRD00920,Calculator T920,CAT010,SUP0037,10536.21,13226.52,21,Discontinued
PRD00921,Wireless Mouse U921,CAT001,SUP0010,10131.57,14978.82,80,Active
PRD00922,Mechanical Keyboard U922,CAT002,SUP0074,7190.21,9285.55,44,Active
PRD00923,LED Monitor U923,CAT003,SUP0025,14211.0,20225.71,73,Active
PRD00924,USB-C Hub U924,CAT004,SUP0034,3584.13,4468.77,36,Active
PRD00925,Laptop Stand U925,CAT005,SUP0080,3105.28,3881.22,55,Active
PRD00926,Office Chair U926,CAT006,SUP0011,11701.76,14018.14,96,Discontinued
PRD00927,A4 Paper U927,CAT007,SUP0070,9238.3,13448.17,15,Discontinued
PRD00928,Ball Pen Pack U928,CAT008,SUP0074,5618.25,7169.82,45,Discontinued
PRD00929,WiFi Router U929,CAT009,SUP0066,2808.45,4088.27,45,Discontinued
PRD00930,Laser Printer U930,CAT010,SUP0007,3393.62,4685.46,77,Discontinued
PRD00931,External SSD U931,CAT001,SUP0065,7216.54,9860.01,54,Discontinued
PRD00932,Power Bank U932,CAT002,SUP0059,12917.17,18863.74,25,Discontinued
PRD00933,Webcam U933,CAT003,SUP0087,4789.52,5524.08,36,Discontinued
PRD00934,Desk Lamp U934,CAT004,SUP0079,8748.64,11199.79,120,Active
PRD00935,Filing Cabinet U935,CAT005,SUP0035,2872.31,3605.15,70,Active
PRD00936,Ethernet Cable U936,CAT006,SUP0027,5539.59,7475.72,63,Active
PRD00937,Ink Cartridge U937,CAT007,SUP0058,5526.96,7241.63,33,Active
PRD00938,Headset U938,CAT008,SUP0013,14690.74,20925.56,102,Active
PRD00939,HDMI Cable U939,CAT009,SUP0049,12076.99,16571.27,35,Active
PRD00940,Calculator U940,CAT010,SUP0061,12016.56,17368.94,113,Active
PRD00941,Wireless Mouse V941,CAT001,SUP0081,2714.98,3664.79,76,Active
PRD00942,Mechanical Keyboard V942,CAT002,SUP0072,11797.17,14982.57,119,Active
PRD00943,LED Monitor V943,CAT003,SUP0008,6024.16,8591.76,37,Active
PRD00944,USB-C Hub V944,CAT004,SUP0058,7189.97,10079.94,105,Active
PRD00945,Laptop Stand V945,CAT005,SUP0072,3955.76,5119.24,113,Active
PRD00946,Office Chair V946,CAT006,SUP0045,5214.57,6855.62,96,Active
PRD00947,A4 Paper V947,CAT007,SUP0069,8686.66,12247.72,32,Active
PRD00948,Ball Pen Pack V948,CAT008,SUP0063,5378.23,7633.2,109,Discontinued
PRD00949,WiFi Router V949,CAT009,SUP0037,13353.32,17391.74,69,Active
PRD00950,Laser Printer V950,CAT010,SUP0044,13034.4,18329.39,63,Discontinued
PRD00951,External SSD V951,CAT001,SUP0021,12745.6,15021.17,53,Active
PRD00952,Power Bank V952,CAT002,SUP0091,4757.15,6713.32,44,Discontinued
PRD00953,Webcam V953,CAT003,SUP0047,4127.02,5480.51,105,Discontinued
PRD00954,Desk Lamp V954,CAT004,SUP0003,6256.72,7655.44,26,Active
PRD00955,Filing Cabinet V955,CAT005,SUP0090,9957.38,15196.7,105,Active
PRD00956,Ethernet Cable V956,CAT006,SUP0013,3221.73,4216.66,18,Discontinued
PRD00957,Ink Cartridge V957,CAT007,SUP0051,8262.63,9589.16,77,Active
PRD00958,Headset V958,CAT008,SUP0011,1630.61,2278.35,93,Discontinued
PRD00959,HDMI Cable V959,CAT009,SUP0037,4695.81,5864.87,66,Active
PRD00960,Calculator V960,CAT010,SUP0004,2038.65,3028.23,14,Active
PRD00961,Wireless Mouse W961,CAT001,SUP0061,12916.7,16534.42,69,Active
PRD00962,Mechanical Keyboard W962,CAT002,SUP0090,8264.3,9950.6,79,Active
PRD00963,LED Monitor W963,CAT003,SUP0096,8895.2,11853.9,91,Discontinued
PRD00964,USB-C Hub W964,CAT004,SUP0040,7890.02,11091.88,54,Discontinued
PRD00965,Laptop Stand W965,CAT005,SUP0057,8131.85,11969.13,49,Active
PRD00966,Office Chair W966,CAT006,SUP0002,6230.08,7552.65,10,Active
PRD00967,A4 Paper W967,CAT007,SUP0002,5210.76,6970.33,98,Discontinued
PRD00968,Ball Pen Pack W968,CAT008,SUP0002,14208.61,19051.29,108,Discontinued
PRD00969,WiFi Router W969,CAT009,SUP0001,11985.63,16645.66,80,Active
PRD00970,Laser Printer W970,CAT010,SUP0056,2893.48,4348.51,60,Active
PRD00971,External SSD W971,CAT001,SUP0050,2515.98,3635.21,116,Discontinued
PRD00972,Power Bank W972,CAT002,SUP0081,3371.24,3983.74,40,Active
PRD00973,Webcam W973,CAT003,SUP0035,4327.38,6262.46,62,Active
PRD00974,Desk Lamp W974,CAT004,SUP0038,12813.95,15670.99,24,Discontinued
PRD00975,Filing Cabinet W975,CAT005,SUP0080,9296.52,11702.96,72,Active
PRD00976,Ethernet Cable W976,CAT006,SUP0069,4864.0,5889.62,12,Active
PRD00977,Ink Cartridge W977,CAT007,SUP0017,14587.2,18421.38,101,Discontinued
PRD00978,Headset W978,CAT008,SUP0020,10928.44,13585.41,11,Discontinued
PRD00979,HDMI Cable W979,CAT009,SUP0064,3320.45,4376.68,57,Discontinued
PRD00980,Calculator W980,CAT010,SUP0011,10478.27,12183.03,117,Active
PRD00981,Wireless Mouse X981,CAT001,SUP0010,916.09,1337.73,79,Discontinued
PRD00982,Mechanical Keyboard X982,CAT002,SUP0033,2789.53,4207.39,114,Discontinued
PRD00983,LED Monitor X983,CAT003,SUP0099,12437.52,14909.91,101,Active
PRD00984,USB-C Hub X984,CAT004,SUP0032,5821.18,8964.55,104,Active
PRD00985,Laptop Stand X985,CAT005,SUP0013,3051.76,4407.14,76,Active
PRD00986,Office Chair X986,CAT006,SUP0040,7134.56,10149.46,51,Active
PRD00987,A4 Paper X987,CAT007,SUP0071,9467.13,11046.95,76,Active
PRD00988,Ball Pen Pack X988,CAT008,SUP0026,3859.43,5424.07,56,Active
PRD00989,WiFi Router X989,CAT009,SUP0015,12965.77,16040.15,40,Discontinued
PRD00990,Laser Printer X990,CAT010,SUP0036,4921.74,5989.48,84,Active
PRD00991,External SSD X991,CAT001,SUP0006,5985.46,7465.28,84,Discontinued
PRD00992,Power Bank X992,CAT002,SUP0099,10351.03,12545.41,21,Active
PRD00993,Webcam X993,CAT003,SUP0080,2432.86,2886.74,53,Active
PRD00994,Desk Lamp X994,CAT004,SUP0090,971.84,1368.19,78,Active
PRD00995,Filing Cabinet X995,CAT005,SUP0072,1957.35,2433.12,110,Active
PRD00996,Ethernet Cable X996,CAT006,SUP0025,12098.44,16036.33,12,Discontinued
PRD00997,Ink Cartridge X997,CAT007,SUP0006,5423.86,6529.75,72,Discontinued
PRD00998,Headset X998,CAT008,SUP0063,8420.65,11511.82,34,Active
PRD00999,HDMI Cable X999,CAT009,SUP0060,8190.82,10479.93,45,Active
PRD01000,Calculator X1000,CAT010,SUP0038,1107.64,1342.47,114,Active
